cluster,inflammaging,mitochondrial_stress,proteostasis_loss,cell_cycle_dysregulation,identity_drift,dna_damage_response
0,1.3994105019935827,0,0,1.9158402501058873,1.4614053126715245,1.7068510281763227
1,-1.398364015407912,0,0,-1.8993846624561703,-1.4332768378373026,-1.6873804294680517
