cluster,inflammaging,mitochondrial_stress,proteostasis_loss,cell_cycle_dysregulation,identity_drift,dna_damage_response
0,1.3702912412734354,0,0,1.883712305586169,1.367108506432095,1.7419700032073495
1,-1.3505459553847405,0,0,-1.9051487168026329,-1.3654351565463838,-1.7232170338336061
