cluster,inflammaging,mitochondrial_stress,proteostasis_loss,cell_cycle_dysregulation,identity_drift,dna_damage_response
0,1.6622135408734684,0,0,1.737641834368006,1.514898306113387,1.535952643648814
1,-1.6234796996294107,0,0,-1.7089961392368371,-1.5308758475016058,-1.5355714321238183
