Name,Term,ES,NES,NOM p-val,FDR q-val,FWER p-val,Tag %,Gene %,Lead_genes
prerank,Allograft Rejection,0.7403704572952755,1.5844954566384586,3.781513e-02,7.502131e-02,4.400000e-02,1/9,3.80%,CCL11
prerank,Myogenesis,-0.723888511913408,-1.1578657446662852,2.904564e-01,8.481840e-01,6.696697e-01,4/6,27.80%,PYGM;CAV3;NOS1;MYH2
prerank,Spermatogenesis,0.5020823751716733,1.0961268284281298,3.349282e-01,3.307758e-01,3.200000e-01,2/10,4.40%,GRM8;CNIH2
prerank,Inflammatory Response,-0.4709808182169434,-0.7861023421805726,7.912688e-01,1.000000e+00,9.859860e-01,2/7,30.80%,VIP;CCL24
prerank,KRAS Signaling Dn,-0.31554013035598016,-0.5909483587303225,9.608802e-01,9.542723e-01,1.000000e+00,3/13,30.40%,NOS1;CPA2;EPHA5
