Name,Term,ES,NES,NOM p-val,FDR q-val,FWER p-val,Tag %,Gene %,Lead_genes
prerank,Allograft Rejection,0.7645025258280745,1.6388741219940293,3.879310e-02,5.602716e-02,3.300000e-02,1/9,3.40%,CCL11
prerank,Myogenesis,-0.7278788773648637,-1.178926085703492,2.503536e-01,7.441130e-01,6.192385e-01,4/6,27.20%,PYGM;CAV3;NOS1;MYH2
prerank,Spermatogenesis,0.4940389239798286,1.0682082707803682,3.513514e-01,3.624788e-01,3.540000e-01,2/10,4.40%,GRM8;CNIH2
prerank,Inflammatory Response,-0.4977868446012751,-0.8369135693671166,7.380026e-01,1.000000e+00,9.769539e-01,2/7,29.60%,VIP;CCL24
prerank,KRAS Signaling Dn,-0.30027520702570093,-0.562109786142452,9.699248e-01,9.706960e-01,1.000000e+00,3/13,30.40%,NOS1;CPA2;EPHA5
