Name,Term,ES,NES,NOM p-val,FDR q-val,FWER p-val,Tag %,Gene %,Lead_genes
prerank,Allograft Rejection,-0.7403704572952754,-1.635524858391851,5.106383e-02,7.822222e-02,6.000000e-02,1/9,4.00%,CCL11
prerank,Myogenesis,0.7238885119134079,1.1679910203497628,2.843792e-01,8.113548e-01,6.560000e-01,4/6,27.60%,PYGM;CAV3;NOS1;MYH2
prerank,Spermatogenesis,-0.5020823751716734,-1.1115744294031495,2.882883e-01,3.200000e-01,4.457143e-01,2/10,4.60%,GRM8;CNIH2
prerank,Inflammatory Response,0.47098081821694354,0.7903037314469239,7.757256e-01,1.000000e+00,9.800000e-01,2/7,30.60%,VIP;CCL24
prerank,KRAS Signaling Dn,0.31554013035598,0.5963197373141133,9.587879e-01,9.465806e-01,9.990000e-01,3/13,30.20%,NOS1;CPA2;EPHA5
