Name,Term,ES,NES,NOM p-val,FDR q-val,FWER p-val,Tag %,Gene %,Lead_genes
prerank,Allograft Rejection,-0.7645025258280742,-1.6377211405457506,4.435484e-02,6.141079e-02,5.233380e-02,1/9,3.60%,CCL11
prerank,Myogenesis,0.7278788773648638,1.161604675791819,2.622036e-01,8.071146e-01,6.360000e-01,4/6,27.00%,PYGM;CAV3;NOS1;MYH2
prerank,Spermatogenesis,-0.49403892397982885,-1.0779537335434906,3.461538e-01,3.419087e-01,4.724187e-01,2/10,4.60%,GRM8;CNIH2
prerank,Inflammatory Response,0.49778684460127526,0.8375180534518435,7.276536e-01,1.000000e+00,9.700000e-01,2/7,29.40%,VIP;CCL24
prerank,KRAS Signaling Dn,0.3002752070257009,0.5594118897080512,9.706601e-01,9.689065e-01,9.970000e-01,3/13,30.20%,NOS1;CPA2;EPHA5
